{"Sounds":0.0,"Broj_nivoa":6,"Fullscrn":0,"Music":0.0,"X":171.1999969482422,"Y":89.5999984741211,"Height":701.5999755859375,"Width":1259.199951171875}