{"me-3-s":2,"me-3-p":"M 100 375 L 750 375","re-3-cF":"0xffff00ff","me-3-r":3,"curve-0-c1y":354.4,"curve-0-c1x":87.2,"brojFigura":3,"re-0-cS":"0x000000ff","re-4-y1":312.0,"text-6-y":389.6,"text-6-x":96.53203124999999,"re-4-y4":312.0,"an-2-0":5000.0,"re-4-y2":412.8,"re-4-y3":412.8,"text-5-s":20.0,"re-1-y3":168.0,"re-1-y4":110.4,"re-0-cF":"0xffff00ff","METE":"A","curve-0-c2y":100.8,"x-2-1":-177.20001831054685,"curve-0-c2x":469.6,"text-5-cF":"0x000000ff","x-2-2":-197.60000000000002,"x-2-3":60.0,"x-2-4":180.8,"x-2-5":-58.400000000000034,"re-4-x3":44.0,"re-4-x4":44.0,"re-4-x1":316.0,"re-1-y1":110.4,"re-1-y2":168.0,"re-4-x2":316.0,"re-1-x2":288.0,"re-1-x3":700.0,"re-1-x4":700.0,"me-2-p":"M 100 275 L 750 275","me-2-r":3,"me-2-s":3,"re-2-cS":"0x000000ff","poz":"?","text-5-y":354.4,"BOJA":"0xd2691eff","text-5-x":69.5400390625,"re-1-x1":288.0,"re-2-cF":"0xd2691eff","brMetaka":5,"ellipse-1-cY":360.4,"ellipse-1-cX":310.8,"re-3-y2":488.8,"re-3-y1":239.2,"re-3-y4":239.2,"re-3-y3":488.8,"re-0-y2":244.0,"a-2-3":"t","re-0-y3":244.0,"re-3-x4":377.6,"a-2-4":"t","re-0-y4":66.4,"a-2-5":"t","ellipse-1-cS":"0x000000ff","me-1-r":2,"a-2-0":"r","me-1-s":1,"a-2-1":"t","a-2-2":"t","text-6-cF":"0x000000ff","re-4-cS":"0x000000ff","curve-0-eX":469.6,"curve-0-eY":354.4,"ellipse-1-cF":"0xd2691eff","figura2":"rectangle","figura3":"rectangle","figura0":"curve","figura1":"ellipse","re-3-x1":453.6,"figura6":"text","re-3-x3":377.6,"figura4":"rectangle","re-3-x2":453.6,"re-0-y1":66.4,"figura5":"text","re-0-x1":70.4,"re-0-x2":70.4,"re-0-x3":168.8,"re-0-x4":168.8,"re-4-cF":"0xffff00ff","ellipse-1-rX":110.80000000000001,"ellipse-1-rY":55.599999999999994,"re-1-cS":"0x000000ff","y-2-5":105.60000000000001,"text-6-txt":"u podešavanjima","y-2-3":-264.0,"me-1-p":"M 225.6 108.8 L 225.6 108.8 L 579.2 160.0 L 481.6 351.2 L 244.8 363.2 L 358.4 264.8 L 724.8 474.4 ","y-2-4":31.200000000000003,"y-2-1":78.39999389648438,"y-2-2":-10.399999999999977,"re-2-y4":160.0,"me-0-r":3,"me-0-s":1,"re-1-cF":"0xffff00ff","text-5-txt":"Možes obrisati prepreke","brMeta":2,"curve-0-cS":"0x000000ff","re-2-y1":160.0,"curve-0-sX":87.2,"curve-0-sY":100.8,"re-2-y3":371.2,"re-2-y2":371.2,"re-2-x4":714.4,"re-2-x3":714.4,"text-6-s":20.0,"bA0":0,"bA2":6,"bA1":0,"bA4":0,"re-3-cS":"0x000000ff","bA3":0,"me-0-p":"M 117.6 141.6 L 622.4 414.4","re-2-x2":451.2,"re-2-x1":451.2}